,Nodes,Batch_Size,Train_Loss,Val_Loss
0,1,1,"[124.31035614013672, 121.09607696533203, 119.2330551147461, 118.44534301757812, 117.98806762695312, 117.6131591796875, 117.28044128417969, 116.9769058227539, 116.69105529785156, 116.42625427246094, 116.18622589111328, 115.97163391113281, 115.7725830078125, 115.58160400390625, 113.93582916259766, 112.53398895263672, 111.62928771972656, 110.78303527832031, 109.62117767333984, 108.79448699951172, 108.08766174316406, 107.3192367553711, 106.82099151611328, 105.92800903320312, 105.24993896484375, 104.34547424316406, 104.31683349609375, 103.27052307128906, 103.19939422607422, 101.9014892578125, 101.79631042480469, 101.22425079345703, 100.54768371582031, 99.95384979248047, 99.26747131347656, 100.67228698730469, 98.9477767944336, 98.48889923095703, 97.09529113769531, 97.2197265625, 95.74836730957031, 96.01858520507812, 95.78206634521484, 97.4541244506836, 94.87747192382812, 93.87114715576172, 93.6995620727539, 93.30310821533203, 92.41748809814453, 93.03691864013672, 95.91863250732422, 92.56847381591797, 91.35657501220703, 91.07389831542969, 92.85111999511719, 92.88285064697266, 92.10790252685547, 89.40074920654297, 93.46292114257812, 89.6514892578125, 89.29634857177734, 89.58895874023438, 89.7774887084961, 88.30951690673828, 90.2265396118164, 90.48457336425781, 90.29802703857422, 90.11419677734375, 89.9385757446289, 89.76614379882812, 88.74102020263672, 85.25425720214844, 84.99114227294922, 84.74439239501953, 84.84529113769531, 88.59905242919922, 88.28299713134766, 86.70446014404297, 83.88967895507812, 83.87821960449219, 84.8816909790039, 84.20249938964844, 83.15674591064453, 83.3489761352539, 83.33890533447266, 83.97699737548828, 84.39274597167969, 83.59532165527344, 82.4299087524414, 82.20814514160156, 82.06732940673828, 81.82662963867188, 83.42198181152344, 83.74500274658203, 81.56497192382812, 83.68582153320312, 85.59893798828125, 85.2944564819336, 85.22802734375, 84.55648803710938]","[240.6653289794922, 237.9664306640625, 236.490478515625, 235.5922393798828, 234.8336639404297, 234.13401794433594, 233.48304748535156, 232.86781311035156, 232.2892303466797, 231.747314453125, 231.23887634277344, 230.75531005859375, 230.29498291015625, 229.96707153320312, 230.63246154785156, 228.31106567382812, 228.4730224609375, 226.6683349609375, 225.18978881835938, 223.9918212890625, 223.42807006835938, 221.83802795410156, 221.56134033203125, 219.9853973388672, 219.09364318847656, 218.7568359375, 216.53298950195312, 216.68374633789062, 215.21058654785156, 215.17523193359375, 212.50619506835938, 212.6154022216797, 210.13235473632812, 211.3348388671875, 218.2867889404297, 210.0154266357422, 208.7295684814453, 213.484130859375, 205.64878845214844, 206.244873046875, 206.9920196533203, 211.14523315429688, 215.34475708007812, 202.64320373535156, 204.43089294433594, 201.7516326904297, 202.7547607421875, 199.77040100097656, 199.12937927246094, 209.16734313964844, 208.24331665039062, 200.79078674316406, 198.93333435058594, 204.80406188964844, 206.7587127685547, 206.1448211669922, 197.06375122070312, 210.6864776611328, 210.37818908691406, 198.093505859375, 198.0928497314453, 202.185302734375, 196.4532928466797, 192.27464294433594, 204.50115966796875, 204.36529541015625, 204.2341766357422, 204.10263061523438, 203.9739227294922, 203.85025024414062, 189.76431274414062, 189.41275024414062, 189.0779571533203, 188.75198364257812, 204.22406005859375, 203.04098510742188, 202.8981475830078, 188.25531005859375, 188.00775146484375, 191.43246459960938, 191.25453186035156, 187.3748016357422, 188.349853515625, 188.1768035888672, 187.68634033203125, 200.28524780273438, 196.19850158691406, 188.12881469726562, 188.37242126464844, 187.60360717773438, 184.59024047851562, 186.81243896484375, 195.04135131835938, 187.0428009033203, 186.63595581054688, 199.17822265625, 198.0906524658203, 199.0982666015625, 197.40802001953125, 195.08486938476562]"
1,1,25,"[126.84078979492188, 126.67398071289062, 126.51699829101562, 126.28107452392578, 125.97932434082031, 125.74761199951172, 125.54866027832031, 125.3555679321289, 125.16195678710938, 124.96731567382812, 124.77323913574219, 124.5816879272461, 124.39401245117188, 124.2107925415039, 124.03219604492188, 123.85797882080078, 123.68779754638672, 123.5210952758789, 123.35760498046875, 123.19754791259766, 123.04236602783203, 122.89249420166016, 122.74567413330078, 122.59989166259766, 122.45648956298828, 122.31940460205078, 122.1866455078125, 122.05685424804688, 121.92815399169922, 121.8011474609375, 121.67707061767578, 121.55525970458984, 121.43614196777344, 121.31951904296875, 121.20471954345703, 121.09246826171875, 120.98493194580078, 120.88157653808594, 120.78128814697266, 120.68346405029297, 120.58675384521484, 120.49004364013672, 120.39402770996094, 120.29765319824219, 120.20347595214844, 120.11034393310547, 120.01914978027344, 119.92853546142578, 119.83882141113281, 119.75019073486328, 119.66304016113281, 119.57707214355469, 119.49232482910156, 119.40950012207031, 119.330322265625, 119.25462341308594, 119.18379974365234, 119.11758422851562, 119.0594711303711, 119.010009765625, 118.96426391601562, 118.91966247558594, 118.8768081665039, 118.8348388671875, 118.79344177246094, 118.75311279296875, 118.7137451171875, 118.6748046875, 118.63687896728516, 118.59811401367188, 118.56028747558594, 118.52286529541016, 118.48625183105469, 118.44931030273438, 118.41302490234375, 118.377685546875, 118.34184265136719, 118.30621337890625, 118.27105712890625, 118.2358627319336, 118.20114135742188, 118.16691589355469, 118.1326904296875, 118.09925079345703, 118.06627655029297, 118.03274536132812, 117.99961853027344, 117.96588134765625, 117.93301391601562, 117.900146484375, 117.86711120605469, 117.83443450927734, 117.80169677734375, 117.76903533935547, 117.73662567138672, 117.70478057861328, 117.67341613769531, 117.64114379882812, 117.6092529296875, 117.57673645019531]","[245.02313232421875, 244.86915588378906, 244.6889190673828, 244.38397216796875, 244.11338806152344, 243.90577697753906, 243.7117919921875, 243.5191192626953, 243.32522583007812, 243.1310272216797, 242.93832397460938, 242.74888610839844, 242.5636749267578, 242.38307189941406, 242.20689392089844, 242.0348663330078, 241.86659240722656, 241.70169067382812, 241.5397186279297, 241.38079833984375, 241.22601318359375, 241.0740509033203, 240.9246063232422, 240.77552795410156, 240.6293487548828, 240.48672485351562, 240.34706115722656, 240.2076873779297, 240.06939697265625, 239.93223571777344, 239.7973175048828, 239.66319274902344, 239.53038024902344, 239.3992919921875, 239.27230834960938, 239.14979553222656, 239.0355682373047, 238.92396545410156, 238.8133544921875, 238.70480346679688, 238.59645080566406, 238.48814392089844, 238.37957763671875, 238.2724151611328, 238.1636199951172, 238.05909729003906, 237.95443725585938, 237.84866333007812, 237.74539184570312, 237.64918518066406, 237.55569458007812, 237.46470642089844, 237.3759307861328, 237.29205322265625, 237.21226501464844, 237.13497924804688, 237.0601043701172, 236.9866485595703, 236.91934204101562, 236.85533142089844, 236.79287719726562, 236.72999572753906, 236.6699981689453, 236.60845947265625, 236.54757690429688, 236.48509216308594, 236.42495727539062, 236.3650665283203, 236.30352783203125, 236.2445068359375, 236.18312072753906, 236.12257385253906, 236.06248474121094, 236.00265502929688, 235.94175720214844, 235.8815460205078, 235.81935119628906, 235.7578582763672, 235.69541931152344, 235.6340789794922, 235.57188415527344, 235.50949096679688, 235.44566345214844, 235.38392639160156, 235.32122802734375, 235.26025390625, 235.19668579101562, 235.13632202148438, 235.0731964111328, 235.01071166992188, 234.94808959960938, 234.88702392578125, 234.82408142089844, 234.76071166992188, 234.69801330566406, 234.63551330566406, 234.57382202148438, 234.50970458984375, 234.443603515625, 234.37904357910156]"
2,1,50,"[126.91902160644531, 126.8374252319336, 126.76393127441406, 126.69635772705078, 126.63257598876953, 126.57068634033203, 126.5083999633789, 126.44283294677734, 126.3692398071289, 126.27924346923828, 126.1546401977539, 125.95356750488281, 125.60931396484375, 125.1949462890625, 124.91683959960938, 124.74015808105469, 124.6007308959961, 124.4783706665039, 124.36605834960938, 124.26054382324219, 124.15999603271484, 124.06327819824219, 123.96965789794922, 123.8785629272461, 123.78958892822266, 123.70243835449219, 123.61685180664062, 123.53263092041016, 123.44965362548828, 123.36774444580078, 123.2868423461914, 123.2071762084961, 123.12891387939453, 123.05229187011719, 122.97734832763672, 122.9032974243164, 122.82996368408203, 122.75716400146484, 122.6845932006836, 122.61247253417969, 122.5407943725586, 122.47035217285156, 122.40119171142578, 122.33380889892578, 122.26734161376953, 122.20194244384766, 122.13736724853516, 122.07318115234375, 122.00930786132812, 121.94571685791016, 121.88257598876953, 121.8196792602539, 121.75746154785156, 121.69624328613281, 121.63531494140625, 121.57536315917969, 121.51561737060547, 121.456787109375, 121.39862823486328, 121.34111022949219, 121.28382110595703, 121.2269287109375, 121.17068481445312, 121.11544036865234, 121.06047821044922, 121.00709533691406, 120.9546890258789, 120.9035873413086, 120.85308837890625, 120.80330657958984, 120.75423431396484, 120.70532989501953, 120.6571044921875, 120.60860443115234, 120.56037902832031, 120.51249694824219, 120.46485137939453, 120.41645050048828, 120.36856842041016, 120.32075500488281, 120.27295684814453, 120.22587585449219, 120.17900848388672, 120.13265228271484, 120.08728790283203, 120.04167175292969, 119.99687194824219, 119.95166015625, 119.9066162109375, 119.86180114746094, 119.81692504882812, 119.77265167236328, 119.72850036621094, 119.68496704101562, 119.64139556884766, 119.59838104248047, 119.55565643310547, 119.51306915283203, 119.47119140625, 119.42984771728516]","[245.15487670898438, 245.07589721679688, 245.0045623779297, 244.93836975097656, 244.8753662109375, 244.81346130371094, 244.7501983642578, 244.68202209472656, 244.60296630859375, 244.50111389160156, 244.34886169433594, 244.0828399658203, 243.65447998046875, 243.29180908203125, 243.0821990966797, 242.93045043945312, 242.8017578125, 242.68540954589844, 242.5770263671875, 242.47433471679688, 242.37591552734375, 242.28085327148438, 242.1885986328125, 242.09861755371094, 242.01058959960938, 241.92422485351562, 241.83929443359375, 241.7556915283203, 241.67323303222656, 241.59173583984375, 241.5112762451172, 241.43197631835938, 241.35357666015625, 241.2764434814453, 241.2000732421875, 241.12478637695312, 241.04986572265625, 240.97518920898438, 240.90097045898438, 240.82720947265625, 240.75390625, 240.6812744140625, 240.6098175048828, 240.5388946533203, 240.46888732910156, 240.3995361328125, 240.33026123046875, 240.2613525390625, 240.1923828125, 240.12403869628906, 240.0556182861328, 239.98773193359375, 239.92039489746094, 239.8530731201172, 239.7867889404297, 239.71986389160156, 239.65367126464844, 239.58792114257812, 239.52284240722656, 239.45755004882812, 239.39251708984375, 239.32894897460938, 239.26705932617188, 239.20486450195312, 239.14588928222656, 239.08856201171875, 239.03237915039062, 238.97642517089844, 238.9214324951172, 238.86663818359375, 238.81178283691406, 238.75775146484375, 238.70272827148438, 238.64857482910156, 238.59481811523438, 238.54115295410156, 238.48687744140625, 238.43353271484375, 238.37937927246094, 238.32498168945312, 238.27139282226562, 238.21737670898438, 238.163818359375, 238.11190795898438, 238.0590362548828, 238.00733947753906, 237.9546356201172, 237.90235900878906, 237.8497314453125, 237.79737854003906, 237.74685668945312, 237.6980438232422, 237.65036010742188, 237.60276794433594, 237.55615234375, 237.51019287109375, 237.46470642089844, 237.4200897216797, 237.37591552734375, 237.33377075195312]"
3,1,100,"[126.75321960449219, 126.73011016845703, 126.70854949951172, 126.68597412109375, 126.65972137451172, 126.62751007080078, 126.5881576538086, 126.54238891601562, 126.4927749633789, 126.44184112548828, 126.39134979248047, 126.34190368652344, 126.29360961914062, 126.24640655517578, 126.20012664794922, 126.15463256835938, 126.10975646972656, 126.0654296875, 126.02153015136719, 125.97801971435547, 125.9348373413086, 125.89190673828125, 125.8492431640625, 125.80679321289062, 125.76456451416016, 125.7225341796875, 125.68067169189453, 125.63899230957031, 125.59746551513672, 125.55611419677734, 125.51490783691406, 125.47383880615234, 125.43291473388672, 125.39215087890625, 125.35151672363281, 125.3110122680664, 125.27066040039062, 125.23041534423828, 125.19027709960938, 125.15028381347656, 125.11043548583984, 125.0706787109375, 125.03105163574219, 124.99153900146484, 124.95211791992188, 124.9128189086914, 124.87361907958984, 124.83452606201172, 124.79551696777344, 124.75662994384766, 124.71784210205078, 124.67913818359375, 124.64051055908203, 124.60201263427734, 124.56354522705078, 124.52520751953125, 124.4869613647461, 124.4487533569336, 124.41065979003906, 124.37265014648438, 124.3346939086914, 124.29681396484375, 124.25901794433594, 124.22128295898438, 124.18362426757812, 124.1460189819336, 124.10848999023438, 124.07103729248047, 124.03363800048828, 123.99629974365234, 123.95904541015625, 123.92182922363281, 123.88468170166016, 123.84756469726562, 123.8105239868164, 123.7735366821289, 123.7365951538086, 123.69969940185547, 123.66287994384766, 123.62611389160156, 123.5893783569336, 123.55268096923828, 123.51604461669922, 123.47945404052734, 123.44291687011719, 123.40641021728516, 123.36994171142578, 123.33353424072266, 123.29713439941406, 123.26091003417969, 123.22481536865234, 123.18892669677734, 123.15314483642578, 123.11763763427734, 123.08235931396484, 123.04740142822266, 123.01260375976562, 122.9778823852539, 122.94340515136719, 122.90902709960938]","[245.00460815429688, 244.9824981689453, 244.9607391357422, 244.9364471435547, 244.9070281982422, 244.87062072753906, 244.8269500732422, 244.7781524658203, 244.72726440429688, 244.67633056640625, 244.62635803222656, 244.57766723632812, 244.5301513671875, 244.48362731933594, 244.43800354003906, 244.3930206298828, 244.3486328125, 244.30470275878906, 244.26119995117188, 244.21798706054688, 244.17506408691406, 244.13241577148438, 244.08995056152344, 244.0477752685547, 244.00572204589844, 243.9638671875, 243.92218017578125, 243.88063049316406, 243.8392791748047, 243.7980499267578, 243.75698852539062, 243.71604919433594, 243.67523193359375, 243.63458251953125, 243.59405517578125, 243.5536346435547, 243.5133819580078, 243.47325134277344, 243.4332275390625, 243.39328002929688, 243.35353088378906, 243.31385803222656, 243.27426147460938, 243.23483276367188, 243.1954803466797, 243.15625, 243.11712646484375, 243.0780792236328, 243.03912353515625, 243.00030517578125, 242.9615478515625, 242.9229278564453, 242.8843231201172, 242.84584045410156, 242.80747985839844, 242.7691650390625, 242.73092651367188, 242.69281005859375, 242.65472412109375, 242.61672973632812, 242.57882690429688, 242.54098510742188, 242.50323486328125, 242.46551513671875, 242.42787170410156, 242.39031982421875, 242.3528289794922, 242.31539916992188, 242.27801513671875, 242.24070739746094, 242.20347595214844, 242.166259765625, 242.129150390625, 242.092041015625, 242.05503845214844, 242.01809692382812, 241.98114013671875, 241.9442901611328, 241.907470703125, 241.8707275390625, 241.83401489257812, 241.79733276367188, 241.7606964111328, 241.72413635253906, 241.68760681152344, 241.65113830566406, 241.61468505859375, 241.57826232910156, 241.54190063476562, 241.50563049316406, 241.46949768066406, 241.4333953857422, 241.39743041992188, 241.3616180419922, 241.32598876953125, 241.29046630859375, 241.25497436523438, 241.2195587158203, 241.18429565429688, 241.1490478515625]"
4,100,1,"[113.7037582397461, 110.83712768554688, 110.09733581542969, 104.76769256591797, 109.501708984375, 109.39334869384766, 105.00889587402344, 91.31051635742188, 111.45104217529297, 105.28711700439453, 90.13377380371094, 83.22329711914062, 77.7584228515625, 72.7562026977539, 71.73571014404297, 66.04806518554688, 65.33013916015625, 63.14382553100586, 63.76149368286133, 61.962074279785156, 59.469085693359375, 60.09502410888672, 59.6947021484375, 57.27159118652344, 57.63774871826172, 59.16422653198242, 56.70940399169922, 55.728519439697266, 55.69614028930664, 56.0890007019043, 54.40303039550781, 55.26287841796875, 54.479549407958984, 54.218563079833984, 56.949554443359375, 52.72340393066406, 52.97041702270508, 51.27125549316406, 53.49378204345703, 57.02281951904297, 50.56672668457031, 50.7619743347168, 54.80104064941406, 52.95363235473633, 49.74842834472656, 53.230125427246094, 53.45964050292969, 49.860801696777344, 49.152565002441406, 49.491519927978516, 50.58124923706055, 51.60334396362305, 49.22785949707031, 50.39236068725586, 50.71424102783203, 51.31442642211914, 49.67312240600586, 49.75788116455078, 48.01163101196289, 50.25667953491211, 48.732940673828125, 47.177650451660156, 48.200340270996094, 47.294654846191406, 45.48130798339844, 46.74576950073242, 46.917999267578125, 45.92242431640625, 46.961849212646484, 49.811195373535156, 45.12439727783203, 46.09494400024414, 52.005882263183594, 47.37763214111328, 43.2911376953125, 45.971778869628906, 48.18065643310547, 46.94127655029297, 47.495479583740234, 50.87442398071289, 49.497589111328125, 45.11854934692383, 43.79999542236328, 45.3223991394043, 43.75691223144531, 44.20181655883789, 43.16963195800781, 47.408477783203125, 45.762874603271484, 45.416927337646484, 44.33614730834961, 44.779396057128906, 42.05630111694336, 42.664306640625, 42.08848190307617, 43.014129638671875, 42.09611892700195, 42.26536178588867, 39.79694366455078, 45.05663299560547]","[217.8972625732422, 213.58766174316406, 209.8643035888672, 206.9217071533203, 207.73849487304688, 209.78164672851562, 204.8045196533203, 222.0150146484375, 213.4109344482422, 199.33531188964844, 192.3632354736328, 200.4289093017578, 182.05323791503906, 183.10520935058594, 194.2370147705078, 163.16224670410156, 165.20777893066406, 160.43113708496094, 177.88478088378906, 162.26722717285156, 164.10508728027344, 153.3887481689453, 148.00607299804688, 153.5951385498047, 161.99661254882812, 156.97181701660156, 168.61810302734375, 153.1605987548828, 146.24143981933594, 156.03672790527344, 138.46153259277344, 136.54600524902344, 142.65248107910156, 160.0811309814453, 148.47723388671875, 129.87368774414062, 137.5336456298828, 167.8868865966797, 143.5836944580078, 135.7707061767578, 148.42584228515625, 146.3410186767578, 211.3908233642578, 158.44674682617188, 130.99354553222656, 138.18179321289062, 160.12840270996094, 133.5780029296875, 124.56411743164062, 117.96791076660156, 122.71357727050781, 122.35749053955078, 117.11942291259766, 133.5979766845703, 145.99220275878906, 122.6218490600586, 126.97389221191406, 115.03788757324219, 115.62268829345703, 159.99371337890625, 130.93943786621094, 125.99359130859375, 137.4859619140625, 132.36935424804688, 113.60833740234375, 115.3535385131836, 143.8102264404297, 161.06289672851562, 120.04051208496094, 165.6044921875, 113.79695892333984, 108.5904769897461, 163.3982696533203, 122.24234771728516, 107.74560546875, 125.18199920654297, 121.2037353515625, 110.22737121582031, 135.74632263183594, 158.1300506591797, 125.38778686523438, 105.07294464111328, 108.03465270996094, 107.36024475097656, 102.71685028076172, 125.10780334472656, 106.19808197021484, 114.8104476928711, 110.12406921386719, 110.02445983886719, 103.76164245605469, 109.52759552001953, 105.68684387207031, 144.8889617919922, 105.4669418334961, 104.76197052001953, 109.31013488769531, 110.34562683105469, 94.85348510742188, 100.3455810546875]"
5,100,25,"[120.06395721435547, 115.93861389160156, 114.9272232055664, 114.16613006591797, 113.5066909790039, 112.91893005371094, 112.40760803222656, 111.95768737792969, 111.57360076904297, 111.25084686279297, 110.99011993408203, 110.73221588134766, 110.53501892089844, 110.38142395019531, 110.23070526123047, 110.11770629882812, 110.02490997314453, 109.93733978271484, 109.8695068359375, 109.80718994140625, 109.74585723876953, 109.70123291015625, 109.67037200927734, 109.67310333251953, 109.62357330322266, 109.59191131591797, 109.5562515258789, 109.55390167236328, 109.53829193115234, 109.52063751220703, 109.50284576416016, 109.84192657470703, 99.25526428222656, 111.19466400146484, 109.45571899414062, 109.23331451416016, 108.92001342773438, 108.1473159790039, 105.63565063476562, 103.029052734375, 100.15035247802734, 97.41130828857422, 94.31299591064453, 93.20692443847656, 90.92306518554688, 88.4732437133789, 86.64082336425781, 84.53636169433594, 81.43156433105469, 78.2518081665039, 76.80326080322266, 73.67301940917969, 71.45423126220703, 70.30028533935547, 69.86015319824219, 67.13816833496094, 66.27164459228516, 66.36646270751953, 64.3998794555664, 64.24958038330078, 63.52401351928711, 65.37999725341797, 63.63114547729492, 62.66825485229492, 62.85410690307617, 64.01121520996094, 62.429542541503906, 61.93910217285156, 60.832679748535156, 60.539306640625, 60.32771682739258, 59.95438003540039, 59.57097244262695, 59.5612678527832, 59.323753356933594, 58.809356689453125, 58.00294876098633, 59.52985382080078, 57.6480598449707, 57.104427337646484, 57.00957107543945, 57.05624008178711, 57.14494323730469, 56.84358215332031, 55.92375946044922, 55.44382858276367, 55.85347366333008, 55.91056823730469, 55.06010818481445, 54.354400634765625, 54.915409088134766, 55.195716857910156, 54.72963333129883, 55.86568069458008, 53.2371711730957, 54.218807220458984, 53.773719787597656, 53.450035095214844, 52.134193420410156, 51.92387771606445]","[232.33116149902344, 229.3738250732422, 227.1780548095703, 225.14097595214844, 223.3560791015625, 221.5915069580078, 219.9963836669922, 218.7074432373047, 217.35018920898438, 216.25881958007812, 215.27664184570312, 214.31564331054688, 213.5952606201172, 212.93409729003906, 212.1103057861328, 211.68435668945312, 211.21160888671875, 210.8108367919922, 210.37770080566406, 210.03347778320312, 209.70846557617188, 209.45327758789062, 209.13296508789062, 209.00665283203125, 208.7921600341797, 208.4710693359375, 208.26800537109375, 208.16517639160156, 207.9039764404297, 207.82623291015625, 208.23867797851562, 208.74232482910156, 208.18540954589844, 214.74960327148438, 206.39053344726562, 207.0593719482422, 206.6064453125, 206.58258056640625, 205.744384765625, 202.5515899658203, 204.8832244873047, 199.8907928466797, 198.1918182373047, 197.13340759277344, 194.43141174316406, 192.7427520751953, 192.5240020751953, 187.77830505371094, 184.69525146484375, 182.77674865722656, 180.97500610351562, 193.2266082763672, 177.82254028320312, 177.5524444580078, 183.22377014160156, 174.69485473632812, 176.25067138671875, 172.62850952148438, 171.13275146484375, 174.521240234375, 185.26278686523438, 171.4683380126953, 172.746826171875, 171.6417236328125, 169.67587280273438, 172.42076110839844, 166.78184509277344, 169.87246704101562, 174.38552856445312, 164.95936584472656, 165.33006286621094, 164.40338134765625, 161.569580078125, 182.9739227294922, 168.94139099121094, 165.05152893066406, 161.93763732910156, 159.27188110351562, 155.9680633544922, 162.26351928710938, 164.4291534423828, 158.72052001953125, 154.97860717773438, 152.7836151123047, 162.7449493408203, 151.37583923339844, 150.57835388183594, 161.8543243408203, 149.63861083984375, 164.54478454589844, 154.74562072753906, 169.15753173828125, 146.3712921142578, 158.86865234375, 142.43118286132812, 143.08108520507812, 153.81076049804688, 153.37220764160156, 138.90354919433594, 156.15818786621094]"
6,100,50,"[122.77286529541016, 116.69478607177734, 115.73612976074219, 115.09521484375, 114.61255645751953, 114.16756439208984, 113.76495361328125, 113.39751434326172, 113.0520248413086, 112.73632049560547, 112.44387817382812, 112.16185760498047, 111.91515350341797, 111.68387603759766, 111.47360229492188, 111.2851791381836, 111.12496185302734, 110.96424102783203, 110.8164291381836, 110.6849594116211, 110.55924224853516, 110.45376586914062, 110.36466979980469, 110.27254486083984, 110.197509765625, 110.12567901611328, 110.07196044921875, 110.00109100341797, 109.947509765625, 109.9032211303711, 109.85546112060547, 109.81156158447266, 109.7740249633789, 109.74050903320312, 109.70980834960938, 109.68408966064453, 109.66397857666016, 109.6434555053711, 109.6248779296875, 109.60594940185547, 109.59529113769531, 109.58130645751953, 109.56610107421875, 109.55770874023438, 109.54544067382812, 109.53596496582031, 109.51891326904297, 109.53459167480469, 101.30152130126953, 108.03782653808594, 109.33155822753906, 104.63106536865234, 99.69979095458984, 109.44365692138672, 109.4413070678711, 109.44450378417969, 109.44071960449219, 109.43992614746094, 109.44905090332031, 109.43649291992188, 109.43817901611328, 109.43370056152344, 109.43346405029297, 109.43480682373047, 109.43379211425781, 109.4288558959961, 109.4306869506836, 109.42745208740234, 109.42588806152344, 109.4272232055664, 109.4242935180664, 109.42761993408203, 109.41761779785156, 109.42025756835938, 109.41483306884766, 109.40662384033203, 109.39680480957031, 109.37246704101562, 109.36097717285156, 109.28921508789062, 108.91900634765625, 98.96918487548828, 99.21844482421875, 99.70257568359375, 106.41736602783203, 104.7400894165039, 115.2889404296875, 111.5572738647461, 102.4330825805664, 104.05690002441406, 105.81297302246094, 105.56350708007812, 104.86412811279297, 104.77796936035156, 104.38595581054688, 104.40341186523438, 104.62926483154297, 104.05813598632812, 103.90241241455078, 103.41145324707031]","[234.40188598632812, 231.28196716308594, 229.4767303466797, 228.1268310546875, 226.86000061035156, 225.59902954101562, 224.45870971679688, 223.3512420654297, 222.41213989257812, 221.46922302246094, 220.4946746826172, 219.67312622070312, 218.82847595214844, 217.9981689453125, 217.27171325683594, 216.67776489257812, 216.00466918945312, 215.40701293945312, 214.8464813232422, 214.27284240722656, 213.8202667236328, 213.40956115722656, 212.9016876220703, 212.542724609375, 212.18496704101562, 211.8941192626953, 211.42724609375, 211.18923950195312, 210.93907165527344, 210.6365203857422, 210.3906707763672, 210.2088623046875, 209.97996520996094, 209.7200164794922, 209.54034423828125, 209.35546875, 209.19203186035156, 209.0226593017578, 208.8526611328125, 208.75584411621094, 208.62905883789062, 208.49293518066406, 208.3860626220703, 208.27743530273438, 208.1838836669922, 208.08192443847656, 208.31321716308594, 207.9827880859375, 198.438720703125, 208.21189880371094, 208.75355529785156, 203.56407165527344, 206.78575134277344, 206.66680908203125, 206.6214141845703, 206.62344360351562, 206.57777404785156, 206.57199096679688, 206.6482696533203, 206.56463623046875, 206.49534606933594, 206.52439880371094, 206.45941162109375, 206.4993896484375, 206.45578002929688, 206.45777893066406, 206.41903686523438, 206.4260711669922, 206.3954315185547, 206.3188018798828, 206.41415405273438, 206.31626892089844, 206.33810424804688, 206.37399291992188, 206.31362915039062, 206.34217834472656, 206.45358276367188, 206.3440704345703, 206.3497772216797, 206.31153869628906, 206.31948852539062, 205.58473205566406, 205.0622100830078, 234.08567810058594, 225.42298889160156, 229.82894897460938, 228.64305114746094, 226.4304656982422, 233.45176696777344, 204.20347595214844, 204.3452606201172, 204.1492462158203, 204.16415405273438, 204.07965087890625, 204.060791015625, 203.95875549316406, 203.9311981201172, 203.72726440429688, 203.50308227539062, 203.39520263671875]"
7,100,100,"[125.71642303466797, 119.19416046142578, 117.54773712158203, 116.9013900756836, 116.39046478271484, 115.9742431640625, 115.6314926147461, 115.2850341796875, 114.98242950439453, 114.71991729736328, 114.47075653076172, 114.22576904296875, 114.01615905761719, 113.8127670288086, 113.61058044433594, 113.41304779052734, 113.22288513183594, 113.03276824951172, 112.87032318115234, 112.70024108886719, 112.5342025756836, 112.36285400390625, 112.21485900878906, 112.06998443603516, 111.94476318359375, 111.79778289794922, 111.6756362915039, 111.56299591064453, 111.4530258178711, 111.3443603515625, 111.24503326416016, 111.14814758300781, 111.07371520996094, 110.98236846923828, 110.9019546508789, 110.82850646972656, 110.74199676513672, 110.67334747314453, 110.6083984375, 110.54762268066406, 110.48948669433594, 110.43843841552734, 110.3873291015625, 110.34398651123047, 110.2853012084961, 110.24356079101562, 110.19698333740234, 110.15339660644531, 110.10829162597656, 110.07252502441406, 110.02246856689453, 109.99735260009766, 109.95220184326172, 109.95658874511719, 109.89256286621094, 109.86595916748047, 109.8364486694336, 109.81211853027344, 109.78588104248047, 109.7627944946289, 109.72541046142578, 109.63961791992188, 109.17142486572266, 109.71986389160156, 109.60713195800781, 109.48685455322266, 101.05020904541016, 97.31964874267578, 95.1596450805664, 92.83470153808594, 93.29353332519531, 91.74602508544922, 91.4934310913086, 98.37159729003906, 94.9115982055664, 88.30830383300781, 97.3826675415039, 103.72762298583984, 105.10340881347656, 106.78722381591797, 108.41726684570312, 106.51834106445312, 102.86177825927734, 103.42833709716797, 104.87300872802734, 107.1560287475586, 110.09068298339844, 113.5246353149414, 119.12796020507812, 115.90963745117188, 114.55311584472656, 113.56269073486328, 112.82715606689453, 112.01524353027344, 109.6260986328125, 109.4328384399414, 109.40321350097656, 109.37535095214844, 109.35002136230469, 109.33209991455078]","[239.85130310058594, 235.07669067382812, 233.51715087890625, 232.3707275390625, 231.3791961669922, 230.5265655517578, 229.69387817382812, 228.9326934814453, 228.14498901367188, 227.4104461669922, 226.69943237304688, 226.08932495117188, 225.4646759033203, 224.8655242919922, 224.28089904785156, 223.68370056152344, 223.12815856933594, 222.60105895996094, 222.07362365722656, 221.52261352539062, 220.98753356933594, 220.47152709960938, 219.990478515625, 219.54922485351562, 219.07127380371094, 218.63876342773438, 218.21835327148438, 217.7894744873047, 217.3734893798828, 216.98512268066406, 216.61984252929688, 216.293212890625, 215.90638732910156, 215.5978546142578, 215.2926025390625, 214.95875549316406, 214.70225524902344, 214.4202880859375, 214.14991760253906, 213.9073486328125, 213.6527557373047, 213.4010772705078, 213.16720581054688, 212.9033660888672, 212.7169647216797, 212.46783447265625, 212.24549865722656, 212.01693725585938, 211.83009338378906, 211.58737182617188, 211.4188232421875, 211.18618774414062, 211.10824584960938, 210.86399841308594, 210.7148895263672, 210.53012084960938, 210.39845275878906, 210.25247192382812, 210.13616943359375, 210.0478515625, 210.02029418945312, 210.71092224121094, 210.3206787109375, 209.87815856933594, 209.52967834472656, 209.54190063476562, 202.30787658691406, 198.90711975097656, 202.26025390625, 207.25314331054688, 198.0161895751953, 205.81088256835938, 214.02496337890625, 228.7013397216797, 199.4940185546875, 208.58070373535156, 231.29586791992188, 232.4224853515625, 234.6143341064453, 234.54600524902344, 234.0680389404297, 231.1653289794922, 230.1135711669922, 232.30703735351562, 234.2917938232422, 234.18576049804688, 233.91603088378906, 233.11273193359375, 231.2312469482422, 227.49131774902344, 225.45079040527344, 219.55377197265625, 218.76551818847656, 207.4775848388672, 207.4735107421875, 207.58924865722656, 207.62318420410156, 207.5750274658203, 207.51637268066406, 207.51136779785156]"
8,200,1,"[111.91032409667969, 109.77728271484375, 109.56893157958984, 109.53326416015625, 109.53617095947266, 109.4931640625, 109.53117370605469, 109.5374984741211, 109.5223388671875, 109.51252746582031, 109.46833801269531, 109.5324478149414, 109.51342010498047, 109.51905822753906, 109.52365112304688, 109.50735473632812, 109.52167510986328, 109.50419616699219, 109.49986267089844, 109.52378845214844, 109.51483917236328, 109.51535034179688, 109.50967407226562, 109.44377136230469, 109.51293182373047, 109.50456237792969, 109.50401306152344, 109.53594970703125, 109.48017883300781, 109.54194641113281, 109.5252456665039, 109.50072479248047, 109.5175552368164, 109.51465606689453, 109.5264892578125, 109.4869613647461, 109.51835632324219, 109.52115631103516, 109.51249694824219, 109.48934936523438, 109.53285217285156, 109.48698425292969, 109.52642059326172, 109.5042495727539, 109.46135711669922, 109.57926940917969, 109.52198028564453, 109.53211212158203, 109.51637268066406, 109.49897766113281, 109.5114517211914, 109.50982666015625, 109.52381134033203, 109.47787475585938, 109.51541137695312, 109.50569152832031, 109.22906494140625, 93.3907241821289, 110.90921020507812, 100.6989517211914, 109.6568603515625, 102.1055908203125, 87.54273986816406, 79.0517807006836, 69.95126342773438, 63.520172119140625, 64.11048126220703, 62.53496551513672, 65.11627960205078, 57.82130432128906, 58.425086975097656, 56.59580612182617, 56.28778839111328, 57.23678970336914, 55.094425201416016, 53.078277587890625, 55.14954376220703, 55.15484619140625, 53.020023345947266, 52.606781005859375, 63.40554428100586, 55.77933120727539, 64.63837432861328, 60.72166061401367, 59.475341796875, 59.77055358886719, 54.49815368652344, 54.604888916015625, 56.22443771362305, 54.47758483886719, 54.17159652709961, 53.52940368652344, 58.6290397644043, 58.81321716308594, 54.3365592956543, 52.84772872924805, 50.06922912597656, 58.26464080810547, 51.78425598144531, 59.44450378417969]","[212.00790405273438, 207.91903686523438, 207.01112365722656, 207.7639617919922, 206.86671447753906, 207.7724151611328, 207.2419891357422, 206.91477966308594, 207.11500549316406, 206.4131317138672, 207.31210327148438, 206.56784057617188, 206.2458038330078, 206.291748046875, 206.29995727539062, 206.37716674804688, 206.568603515625, 206.58724975585938, 206.4305877685547, 206.1630096435547, 206.18673706054688, 206.0217742919922, 205.82684326171875, 206.40806579589844, 206.06167602539062, 206.28851318359375, 206.1018829345703, 206.05148315429688, 206.5828094482422, 206.5372314453125, 206.23033142089844, 206.69114685058594, 206.37210083007812, 206.40208435058594, 206.21388244628906, 207.12673950195312, 206.98214721679688, 206.6129608154297, 206.30723571777344, 206.68939208984375, 206.3074951171875, 206.87637329101562, 206.36843872070312, 205.99441528320312, 208.24462890625, 207.1882781982422, 206.6792755126953, 206.4037628173828, 206.52005004882812, 206.05955505371094, 205.86961364746094, 206.16220092773438, 206.2512664794922, 206.80857849121094, 206.46844482421875, 206.75704956054688, 205.30844116210938, 237.15676879882812, 205.05593872070312, 182.22891235351562, 234.46475219726562, 193.0669708251953, 196.01654052734375, 172.05142211914062, 196.02206420898438, 178.52349853515625, 153.12075805664062, 164.7386474609375, 167.76284790039062, 170.12852478027344, 159.0691375732422, 181.76722717285156, 134.56387329101562, 137.0989532470703, 153.297119140625, 139.13523864746094, 159.1269989013672, 147.28306579589844, 191.21356201171875, 129.32516479492188, 177.44509887695312, 148.0177459716797, 184.1084747314453, 135.4975128173828, 144.34153747558594, 128.3158721923828, 125.1212387084961, 139.32180786132812, 149.18215942382812, 128.33343505859375, 129.14566040039062, 174.07801818847656, 128.08335876464844, 140.2368927001953, 178.1287841796875, 121.12284851074219, 121.8546371459961, 146.66493225097656, 200.95068359375, 129.39125061035156]"
9,200,25,"[117.23395538330078, 113.65935516357422, 112.48448181152344, 111.63449096679688, 111.07054901123047, 110.59977722167969, 110.30127716064453, 110.07588958740234, 109.89552307128906, 109.76344299316406, 109.6844711303711, 109.62020111083984, 109.59046173095703, 109.55228424072266, 109.5303955078125, 109.49862670898438, 109.4923324584961, 109.48859405517578, 109.46942138671875, 109.46483612060547, 109.46216583251953, 109.45683288574219, 109.45203399658203, 109.45439147949219, 109.43914794921875, 101.72513580322266, 105.38702392578125, 109.66377258300781, 109.54908752441406, 109.52516174316406, 109.48528289794922, 109.47417449951172, 109.46125030517578, 109.46990966796875, 109.45281219482422, 109.45318603515625, 109.45652770996094, 109.43535614013672, 109.44026947021484, 109.4156265258789, 109.369384765625, 109.2110824584961, 109.18951416015625, 109.11964416503906, 106.9808349609375, 98.45294952392578, 101.80288696289062, 84.4146499633789, 80.73164367675781, 78.77937316894531, 78.09300231933594, 77.13859558105469, 77.51234436035156, 76.8609390258789, 77.36349487304688, 76.79681396484375, 76.07693481445312, 76.37245178222656, 75.27108764648438, 74.95500183105469, 71.47967529296875, 71.0732192993164, 65.69966888427734, 63.561195373535156, 63.05326461791992, 61.08894348144531, 61.59440231323242, 63.770347595214844, 61.57219314575195, 60.59183120727539, 60.03022766113281, 58.03507995605469, 58.134193420410156, 58.99440002441406, 58.0806884765625, 58.54723358154297, 56.5761604309082, 54.44852828979492, 54.080142974853516, 54.840641021728516, 53.18293762207031, 52.654151916503906, 54.03277587890625, 51.9428596496582, 52.97222137451172, 51.22239685058594, 51.43707275390625, 50.432395935058594, 51.93220520019531, 53.748931884765625, 49.44699478149414, 51.09507751464844, 51.05477523803711, 49.79892349243164, 48.21828842163086, 49.308815002441406, 48.9472770690918, 49.94670867919922, 49.052242279052734, 49.60115051269531]","[226.78860473632812, 222.71206665039062, 219.41969299316406, 216.9970245361328, 214.7655792236328, 213.41310119628906, 212.04647827148438, 211.0968017578125, 210.3128662109375, 209.58262634277344, 209.15518188476562, 208.7161102294922, 208.28656005859375, 207.89723205566406, 207.66148376464844, 207.5452880859375, 207.44989013671875, 207.23817443847656, 207.09713745117188, 206.92080688476562, 206.84095764160156, 206.639404296875, 206.6281280517578, 206.5934600830078, 206.3473358154297, 225.6012725830078, 209.81858825683594, 208.4521026611328, 208.0033416748047, 207.53724670410156, 207.2115020751953, 206.9965362548828, 206.94688415527344, 206.6409912109375, 206.66232299804688, 206.62034606933594, 206.6929168701172, 206.6114501953125, 206.4601287841797, 206.58314514160156, 206.65802001953125, 206.5210418701172, 207.50955200195312, 206.4837646484375, 202.24639892578125, 199.11480712890625, 199.67552185058594, 181.87083435058594, 186.70785522460938, 184.6153564453125, 177.2793731689453, 176.76263427734375, 174.48684692382812, 173.2781982421875, 181.54995727539062, 173.31961059570312, 176.45460510253906, 171.330078125, 178.60768127441406, 171.14662170410156, 179.22035217285156, 161.81362915039062, 163.84854125976562, 165.1403350830078, 165.2224884033203, 160.0135955810547, 166.83737182617188, 159.90310668945312, 169.0567169189453, 157.39022827148438, 158.7203826904297, 162.1409149169922, 165.3712615966797, 162.22317504882812, 166.21432495117188, 179.4421844482422, 142.40939331054688, 140.48048400878906, 153.95046997070312, 144.9003143310547, 136.8367919921875, 140.51998901367188, 137.63760375976562, 145.32449340820312, 142.223876953125, 132.59336853027344, 133.37353515625, 140.12989807128906, 136.7838592529297, 135.64459228515625, 136.85809326171875, 131.04833984375, 127.8709945678711, 134.49073791503906, 136.42918395996094, 127.00540161132812, 129.3583526611328, 127.9009780883789, 126.03340911865234, 119.97906494140625]"
10,200,50,"[120.25537872314453, 115.11222076416016, 114.13616943359375, 113.36861419677734, 112.72058868408203, 112.12873840332031, 111.63944244384766, 111.21990203857422, 110.93057250976562, 110.62739562988281, 110.41140747070312, 110.23096466064453, 110.0982437133789, 109.99044036865234, 109.8859634399414, 109.80675506591797, 109.75100708007812, 109.69386291503906, 109.65223693847656, 109.61434936523438, 109.58533477783203, 109.56077575683594, 109.53949737548828, 109.52670288085938, 109.51348114013672, 109.4990005493164, 109.4920654296875, 109.48531341552734, 109.47618103027344, 109.47490692138672, 109.45851135253906, 109.45648956298828, 109.45043182373047, 109.44866943359375, 109.44705963134766, 109.4494857788086, 109.45027160644531, 109.44615936279297, 109.44694519042969, 109.45465087890625, 109.44380950927734, 109.45599365234375, 109.44992065429688, 109.44245910644531, 109.44612884521484, 109.44302368164062, 109.44654846191406, 109.44275665283203, 109.44329071044922, 109.4492416381836, 109.44810485839844, 109.4430923461914, 109.4387435913086, 109.44164276123047, 109.44098663330078, 109.47911071777344, 109.44013977050781, 109.44393920898438, 109.4403076171875, 109.439697265625, 109.4495849609375, 109.44491577148438, 109.4428482055664, 109.4433822631836, 109.4404525756836, 109.43993377685547, 109.44390106201172, 109.44098663330078, 109.44841766357422, 109.45198059082031, 109.4422378540039, 109.4387435913086, 109.44258117675781, 109.44364166259766, 109.45352172851562, 109.44647979736328, 109.4403076171875, 109.4439926147461, 109.44001007080078, 109.44960021972656, 109.44302368164062, 109.44784545898438, 109.44075775146484, 109.43806457519531, 109.44328308105469, 109.43955993652344, 109.44271850585938, 109.44300079345703, 109.44270324707031, 109.44304656982422, 109.44294738769531, 109.44313049316406, 109.44464874267578, 109.44063568115234, 109.44661712646484, 109.44747924804688, 109.43681335449219, 109.38941955566406, 103.75456237792969, 97.20343780517578]","[230.40496826171875, 227.17828369140625, 224.8074951171875, 222.79486083984375, 220.84547424316406, 219.1417236328125, 217.37301635742188, 216.2233123779297, 214.87881469726562, 213.7952880859375, 212.85464477539062, 212.2543182373047, 211.625, 210.91238403320312, 210.42901611328125, 209.98849487304688, 209.633056640625, 209.2789764404297, 209.04823303222656, 208.75796508789062, 208.5424041748047, 208.33309936523438, 208.11410522460938, 207.8076629638672, 207.7352294921875, 207.58912658691406, 207.5072479248047, 207.37631225585938, 207.21571350097656, 207.00453186035156, 207.0187530517578, 206.8465576171875, 206.7703094482422, 206.76492309570312, 206.69744873046875, 206.6844024658203, 206.7207794189453, 206.58975219726562, 206.6234893798828, 206.48721313476562, 206.45596313476562, 206.3556365966797, 206.54904174804688, 206.49649047851562, 206.3614044189453, 206.30125427246094, 206.37100219726562, 206.359619140625, 206.38528442382812, 206.38845825195312, 206.34388732910156, 206.20338439941406, 206.30413818359375, 206.27967834472656, 206.2755126953125, 206.09288024902344, 206.2191162109375, 206.24940490722656, 206.27992248535156, 206.26541137695312, 206.23020935058594, 206.29937744140625, 206.26470947265625, 206.2530517578125, 206.17953491210938, 206.18994140625, 206.18614196777344, 206.242431640625, 206.18923950195312, 206.29295349121094, 206.28170776367188, 206.283447265625, 206.20205688476562, 206.2680206298828, 206.43824768066406, 206.45018005371094, 206.41592407226562, 206.30494689941406, 206.2959442138672, 206.3273468017578, 206.41323852539062, 206.33541870117188, 206.30873107910156, 206.26307678222656, 206.1989288330078, 206.2537078857422, 206.23484802246094, 206.28042602539062, 206.28819274902344, 206.29591369628906, 206.3047332763672, 206.34320068359375, 206.27288818359375, 206.2698516845703, 206.272216796875, 206.34445190429688, 206.1886749267578, 221.37342834472656, 197.0438232421875, 229.0970458984375]"
11,200,100,"[124.27336883544922, 116.42005157470703, 115.23298645019531, 114.61345672607422, 114.09953308105469, 113.6703109741211, 113.2501220703125, 112.90180969238281, 112.5067367553711, 112.17893981933594, 111.88256072998047, 111.63760375976562, 111.38285064697266, 111.1962890625, 111.02363586425781, 110.8879623413086, 110.69849395751953, 110.56470489501953, 110.43476104736328, 110.34554290771484, 110.24737548828125, 110.17606353759766, 110.1128158569336, 110.04249572753906, 109.97967529296875, 109.9267807006836, 109.86964416503906, 109.81643676757812, 109.76102447509766, 109.71990966796875, 109.69497680664062, 109.6647720336914, 109.64826202392578, 109.63292694091797, 109.61236572265625, 109.60065460205078, 109.58808135986328, 109.56755065917969, 109.55394744873047, 109.5338363647461, 109.52130126953125, 109.51229095458984, 109.50755310058594, 109.49598693847656, 109.4908676147461, 109.48703002929688, 109.48158264160156, 109.47700500488281, 109.47174072265625, 109.4651107788086, 109.46269226074219, 109.45679473876953, 109.45825958251953, 109.46040344238281, 109.45063018798828, 109.44942474365234, 109.44990539550781, 109.45140075683594, 109.44943237304688, 109.45223236083984, 109.44657897949219, 109.44749450683594, 109.44770050048828, 109.45230865478516, 109.44343566894531, 109.44401550292969, 109.45182037353516, 109.44206237792969, 109.44058990478516, 109.44263458251953, 109.44229888916016, 109.44051361083984, 109.44412994384766, 109.4380874633789, 109.4404296875, 109.4395523071289, 109.43936157226562, 109.43885803222656, 109.43902587890625, 109.43685913085938, 109.43897247314453, 109.43839263916016, 109.43950653076172, 109.43834686279297, 109.43834686279297, 109.43940734863281, 109.43899536132812, 109.43859100341797, 109.43741607666016, 109.43930053710938, 109.44074249267578, 109.44004821777344, 109.43777465820312, 109.43887329101562, 109.44074249267578, 109.43870544433594, 109.44664764404297, 109.43746948242188, 109.43866729736328, 109.44593811035156]","[234.7998504638672, 229.98184204101562, 228.0832061767578, 226.6651611328125, 225.34283447265625, 223.99826049804688, 222.9607696533203, 221.7309112548828, 220.65492248535156, 219.58273315429688, 218.6403350830078, 217.6865997314453, 216.94444274902344, 216.22991943359375, 215.65859985351562, 214.9722442626953, 214.3517303466797, 213.73016357421875, 213.21987915039062, 212.7489471435547, 212.40750122070312, 212.08456420898438, 211.74293518066406, 211.3921356201172, 211.1026611328125, 210.7388458251953, 210.45840454101562, 210.13861083984375, 209.8434600830078, 209.579345703125, 209.32864379882812, 209.21763610839844, 209.11622619628906, 208.9199981689453, 208.77969360351562, 208.62814331054688, 208.46275329589844, 208.29566955566406, 208.14041137695312, 208.0688018798828, 207.90841674804688, 207.77426147460938, 207.6254425048828, 207.6208038330078, 207.56484985351562, 207.50579833984375, 207.3559112548828, 207.26966857910156, 207.1778564453125, 207.1401824951172, 207.0324249267578, 207.0078125, 206.92066955566406, 206.8579559326172, 206.8455810546875, 206.85484313964844, 206.90280151367188, 206.8251953125, 206.82142639160156, 206.73509216308594, 206.76763916015625, 206.8076629638672, 206.7601318359375, 206.6274871826172, 206.5929718017578, 206.5054168701172, 206.41549682617188, 206.35743713378906, 206.43304443359375, 206.48484802246094, 206.4033203125, 206.35418701171875, 206.27426147460938, 206.3082733154297, 206.30850219726562, 206.3035125732422, 206.292724609375, 206.32162475585938, 206.30215454101562, 206.24151611328125, 206.22781372070312, 206.26907348632812, 206.23974609375, 206.27684020996094, 206.2421417236328, 206.23829650878906, 206.2535400390625, 206.24844360351562, 206.21875, 206.13433837890625, 206.16578674316406, 206.20823669433594, 206.17994689941406, 206.162841796875, 206.2392578125, 206.2871856689453, 206.2789306640625, 206.23387145996094, 206.22328186035156, 206.12586975097656]"
12,300,1,"[111.57521057128906, 109.84785461425781, 109.77265930175781, 109.20059204101562, 98.81480407714844, 81.77941131591797, 88.66828918457031, 100.11652374267578, 81.06964111328125, 68.88993072509766, 68.16574096679688, 63.649497985839844, 65.41426849365234, 71.63463592529297, 62.89348220825195, 78.24327850341797, 74.26778411865234, 63.94121551513672, 70.177490234375, 72.0830307006836, 71.6651382446289, 64.73941040039062, 74.07835388183594, 62.394412994384766, 68.05443572998047, 64.74395751953125, 61.274478912353516, 61.4019660949707, 59.37870407104492, 58.901458740234375, 60.457672119140625, 63.47832107543945, 57.54556655883789, 62.616146087646484, 61.63402557373047, 54.94132995605469, 57.207454681396484, 57.18463897705078, 64.89453887939453, 57.45188522338867, 57.07630920410156, 54.1657600402832, 57.034912109375, 56.08729934692383, 54.54038619995117, 55.264957427978516, 52.01095962524414, 56.810218811035156, 57.298439025878906, 63.65754699707031, 52.68748474121094, 58.39472961425781, 56.13157272338867, 52.01487350463867, 55.07778549194336, 53.769752502441406, 52.351356506347656, 56.1318244934082, 52.323062896728516, 53.823055267333984, 53.11526870727539, 62.39790725708008, 51.845985412597656, 54.847042083740234, 53.97721862792969, 54.252166748046875, 59.06367874145508, 54.99674606323242, 55.26921463012695, 50.44944381713867, 54.527313232421875, 54.625972747802734, 50.132450103759766, 53.89434051513672, 52.035186767578125, 60.57747268676758, 55.902530670166016, 52.805572509765625, 52.36022186279297, 59.00503921508789, 52.98704528808594, 54.049564361572266, 50.223426818847656, 54.90321731567383, 50.313262939453125, 51.225223541259766, 53.24907684326172, 50.41183853149414, 50.627349853515625, 56.90964889526367, 50.04087448120117, 49.98856735229492, 51.01726531982422, 54.81064987182617, 49.406349182128906, 53.080223083496094, 51.67300033569336, 48.26516342163086, 48.11728286743164, 48.88685607910156]","[211.75576782226562, 208.27197265625, 215.23619079589844, 208.3367462158203, 197.0098419189453, 203.7191162109375, 182.630126953125, 202.84828186035156, 168.5430908203125, 195.03968811035156, 176.59559631347656, 174.6492156982422, 182.76019287109375, 204.18014526367188, 220.58607482910156, 199.6733856201172, 186.79344177246094, 171.1387481689453, 169.78936767578125, 240.00624084472656, 178.23455810546875, 162.3376922607422, 148.7994384765625, 126.2239990234375, 179.4385528564453, 158.21351623535156, 167.80923461914062, 158.41220092773438, 140.30056762695312, 161.45016479492188, 230.07406616210938, 159.78079223632812, 155.9393768310547, 144.678466796875, 153.4763946533203, 126.5475082397461, 122.74279022216797, 147.48497009277344, 204.64883422851562, 167.36151123046875, 140.5260467529297, 152.03672790527344, 168.5202178955078, 132.2493896484375, 122.40103149414062, 154.17637634277344, 136.110107421875, 148.47413635253906, 155.9460906982422, 156.7689666748047, 125.72724914550781, 174.57359313964844, 184.5516357421875, 121.7076416015625, 130.3643798828125, 113.89656829833984, 112.20612335205078, 156.8226776123047, 123.9810791015625, 152.30967712402344, 210.15396118164062, 125.37023162841797, 177.90045166015625, 124.99246215820312, 143.0974884033203, 130.13677978515625, 155.3813018798828, 133.92784118652344, 130.91009521484375, 123.87411499023438, 142.0054931640625, 128.3644256591797, 119.3625717163086, 143.8067626953125, 151.89501953125, 141.29644775390625, 132.16244506835938, 119.73297882080078, 126.76507568359375, 185.28387451171875, 145.7619171142578, 119.48770141601562, 127.85858917236328, 132.38377380371094, 130.31260681152344, 131.25405883789062, 117.54476165771484, 114.2375717163086, 175.48385620117188, 127.03901672363281, 119.73307800292969, 111.90070343017578, 201.11915588378906, 112.7500991821289, 117.34638214111328, 193.5030517578125, 133.63937377929688, 108.59492492675781, 117.3573226928711, 139.95123291015625]"
13,300,25,"[116.03184509277344, 112.44283294677734, 111.15577697753906, 110.49661254882812, 110.07898712158203, 109.84112548828125, 109.69430541992188, 109.60444641113281, 109.55322265625, 109.50511932373047, 109.4820327758789, 109.46553039550781, 109.46023559570312, 109.4621353149414, 109.46703338623047, 109.45074462890625, 109.44620513916016, 109.46378326416016, 109.4514389038086, 109.45159149169922, 109.44637298583984, 109.45835876464844, 109.44631958007812, 109.45150756835938, 109.44789123535156, 109.47406768798828, 109.4676742553711, 109.45124816894531, 109.45832061767578, 109.456298828125, 109.47390747070312, 109.45315551757812, 109.46760559082031, 109.45393371582031, 109.45206451416016, 109.45343780517578, 109.44779205322266, 109.45376586914062, 109.46408081054688, 109.45024871826172, 109.44928741455078, 109.45840454101562, 109.45703887939453, 109.46414947509766, 109.45235443115234, 109.45711517333984, 109.4560775756836, 109.45843505859375, 109.47260284423828, 109.47846984863281, 109.47905731201172, 109.46417999267578, 109.45402526855469, 109.46055603027344, 109.47040557861328, 109.45123291015625, 109.46237182617188, 109.45539855957031, 109.4468002319336, 109.46004486083984, 109.44608306884766, 109.4625015258789, 109.4961929321289, 109.4446029663086, 109.46578979492188, 109.44706726074219, 109.47974395751953, 109.46955871582031, 109.4525375366211, 109.44441223144531, 109.45530700683594, 109.49166870117188, 109.45832061767578, 109.4619369506836, 109.4433364868164, 109.45823669433594, 109.4555892944336, 109.45982360839844, 109.46858978271484, 109.4602279663086, 109.46782684326172, 109.47205352783203, 109.4530029296875, 109.45681762695312, 109.44355773925781, 109.4505386352539, 109.47484588623047, 109.45127868652344, 109.45346069335938, 109.45655059814453, 109.45046997070312, 109.45935821533203, 109.47648620605469, 109.45952606201172, 109.45268249511719, 109.47062683105469, 109.4445571899414, 109.4500503540039, 109.45732116699219, 109.4509506225586]","[223.52598571777344, 218.6229705810547, 214.60049438476562, 212.4881134033203, 210.95004272460938, 209.744873046875, 208.97499084472656, 208.42967224121094, 207.76531982421875, 207.36575317382812, 206.94125366210938, 206.77926635742188, 206.64503479003906, 206.5396270751953, 206.3206787109375, 206.44728088378906, 206.3954620361328, 206.13916015625, 206.31251525878906, 206.17013549804688, 206.34349060058594, 206.1930694580078, 206.2296905517578, 206.32826232910156, 206.24253845214844, 206.44692993164062, 206.49366760253906, 206.36724853515625, 206.39132690429688, 206.29971313476562, 206.47564697265625, 206.39295959472656, 206.59881591796875, 206.3251953125, 206.53123474121094, 206.45652770996094, 206.2418975830078, 206.20571899414062, 206.1238250732422, 206.23828125, 206.19740295410156, 206.29095458984375, 206.16639709472656, 206.3990936279297, 206.27749633789062, 206.5296630859375, 206.54647827148438, 206.52548217773438, 206.5226287841797, 206.1565399169922, 206.2288360595703, 206.12539672851562, 206.0726318359375, 206.03379821777344, 205.97499084472656, 206.30560302734375, 206.1169891357422, 206.31204223632812, 206.1077117919922, 206.24671936035156, 206.00128173828125, 206.19671630859375, 206.40463256835938, 206.1964874267578, 206.12574768066406, 206.2500457763672, 206.33401489257812, 206.5309295654297, 206.24476623535156, 206.2716064453125, 206.22093200683594, 206.2421875, 206.19357299804688, 206.32421875, 206.13180541992188, 206.08680725097656, 206.02308654785156, 206.06948852539062, 206.1877899169922, 206.31736755371094, 206.3942108154297, 206.2037811279297, 206.2816619873047, 206.47508239746094, 206.37904357910156, 206.10142517089844, 206.01156616210938, 206.17019653320312, 206.17208862304688, 206.13742065429688, 206.1709747314453, 206.46990966796875, 206.51145935058594, 206.2150421142578, 206.24374389648438, 206.1673126220703, 206.2952880859375, 206.22276306152344, 206.3250732421875, 206.15765380859375]"
14,300,50,"[118.24166870117188, 113.63005828857422, 112.54964447021484, 111.76980590820312, 111.0966796875, 110.65538024902344, 110.33499908447266, 110.09566497802734, 109.93253326416016, 109.80110168457031, 109.71314239501953, 109.6423110961914, 109.5898666381836, 109.55236053466797, 109.53202056884766, 109.51163482666016, 109.49201202392578, 109.48685455322266, 109.4649658203125, 109.45672607421875, 109.4599380493164, 109.45021057128906, 109.44667053222656, 109.45307922363281, 109.45162200927734, 109.44208526611328, 109.44783020019531, 109.44400787353516, 109.44252014160156, 109.44273376464844, 109.4520263671875, 109.44591522216797, 109.44401550292969, 109.44407653808594, 109.44048309326172, 109.45114135742188, 109.44310760498047, 109.4462890625, 109.45804595947266, 109.44281768798828, 109.45619201660156, 109.44505310058594, 109.44847869873047, 109.4522705078125, 109.45421600341797, 109.44135284423828, 109.44707489013672, 109.44021606445312, 109.4449462890625, 109.44180297851562, 109.44650268554688, 109.44470977783203, 109.45462036132812, 109.4423828125, 109.44322204589844, 109.44992065429688, 109.44584655761719, 109.44590759277344, 109.44640350341797, 109.44695281982422, 109.4575424194336, 109.4621810913086, 109.44568634033203, 109.43852233886719, 109.44493103027344, 109.44915008544922, 109.45182800292969, 109.45331573486328, 109.44252014160156, 109.46015167236328, 109.43986511230469, 109.44931030273438, 109.45330810546875, 109.45674896240234, 109.4624252319336, 109.45503997802734, 109.5217514038086, 109.4520263671875, 109.44449615478516, 109.45149230957031, 109.44182586669922, 109.44792175292969, 109.44346618652344, 109.46027374267578, 109.44554138183594, 109.46306610107422, 109.4454345703125, 109.44322204589844, 109.4449462890625, 109.44036865234375, 109.44351196289062, 109.44332122802734, 109.45147705078125, 109.4566650390625, 109.45587921142578, 109.44915771484375, 109.4458236694336, 109.44556427001953, 109.45600891113281, 109.36347198486328]","[226.4344940185547, 222.7764129638672, 219.98590087890625, 217.03414916992188, 215.35682678222656, 213.6416015625, 212.2099151611328, 211.51583862304688, 210.5138397216797, 209.8949737548828, 209.2273406982422, 208.85972595214844, 208.5028533935547, 208.14915466308594, 207.8347625732422, 207.77987670898438, 207.3612060546875, 207.23995971679688, 207.04812622070312, 206.96287536621094, 206.72975158691406, 206.6332550048828, 206.6754150390625, 206.67422485351562, 206.3863525390625, 206.4243621826172, 206.3211212158203, 206.29164123535156, 206.35870361328125, 206.26046752929688, 206.21372985839844, 206.19769287109375, 206.22718811035156, 206.30990600585938, 206.2360076904297, 206.318603515625, 206.1676025390625, 206.11843872070312, 206.2999725341797, 206.1829833984375, 206.26358032226562, 206.26124572753906, 206.41827392578125, 206.3058624267578, 206.29493713378906, 206.28387451171875, 206.09654235839844, 206.2183074951172, 206.29412841796875, 206.16062927246094, 206.16143798828125, 206.2445831298828, 206.2416229248047, 206.26734924316406, 206.21800231933594, 206.31570434570312, 206.15798950195312, 206.10409545898438, 206.11288452148438, 206.22145080566406, 206.35162353515625, 206.06732177734375, 206.15406799316406, 206.2001190185547, 206.2423553466797, 206.27212524414062, 206.34962463378906, 206.14791870117188, 206.1963348388672, 206.0898895263672, 206.1994171142578, 206.43080139160156, 206.59591674804688, 206.54347229003906, 206.6785125732422, 206.69993591308594, 206.2886505126953, 206.4337921142578, 206.4331817626953, 206.4717559814453, 206.40182495117188, 206.42750549316406, 206.3504638671875, 206.1695556640625, 206.2652130126953, 206.37889099121094, 206.2332763671875, 206.29652404785156, 206.2457733154297, 206.154052734375, 206.24107360839844, 206.22930908203125, 206.1332244873047, 206.27748107910156, 206.3568878173828, 206.4266357421875, 206.37648010253906, 206.400634765625, 206.3784942626953, 206.76730346679688]"
15,300,100,"[121.71967315673828, 114.7862319946289, 113.89114379882812, 113.24573516845703, 112.62828063964844, 112.1402587890625, 111.70442962646484, 111.33354949951172, 111.06784057617188, 110.7769546508789, 110.52774810791016, 110.36534881591797, 110.19049072265625, 110.09877014160156, 109.9726791381836, 109.91339111328125, 109.8109359741211, 109.73542022705078, 109.68124389648438, 109.62235260009766, 109.59770965576172, 109.57113647460938, 109.55535125732422, 109.53719329833984, 109.52003479003906, 109.5050048828125, 109.49906158447266, 109.48688507080078, 109.47843933105469, 109.46834564208984, 109.46183776855469, 109.45360565185547, 109.45207977294922, 109.44793701171875, 109.4509506225586, 109.45243835449219, 109.45402526855469, 109.4527816772461, 109.44342041015625, 109.44346618652344, 109.44146728515625, 109.44104766845703, 109.44183349609375, 109.43893432617188, 109.45103454589844, 109.4422836303711, 109.4418716430664, 109.44461059570312, 109.43949127197266, 109.4429702758789, 109.43733978271484, 109.44052124023438, 109.43888854980469, 109.43949127197266, 109.46793365478516, 109.45513916015625, 109.45262908935547, 109.44346618652344, 109.4384765625, 109.43933868408203, 109.4424057006836, 109.43885803222656, 109.43891906738281, 109.44476318359375, 109.43885803222656, 109.4398422241211, 109.43914794921875, 109.4431381225586, 109.44041442871094, 109.44337463378906, 109.44012451171875, 109.43817901611328, 109.43869018554688, 109.44489288330078, 109.43750762939453, 109.44078826904297, 109.44464111328125, 109.44292449951172, 109.44007110595703, 109.4382553100586, 109.44314575195312, 109.44224548339844, 109.43948364257812, 109.44080352783203, 109.43714904785156, 109.43971252441406, 109.45407104492188, 109.44049072265625, 109.43926239013672, 109.43799591064453, 109.45068359375, 109.43743133544922, 109.44172668457031, 109.43943786621094, 109.44113159179688, 109.43816375732422, 109.43817901611328, 109.44507598876953, 109.43799591064453, 109.43921661376953]","[230.01683044433594, 226.4366912841797, 224.26800537109375, 222.363037109375, 220.80975341796875, 219.1998748779297, 217.6646270751953, 216.5068359375, 215.40994262695312, 214.47869873046875, 213.52073669433594, 212.55259704589844, 211.99969482421875, 211.38128662109375, 210.96499633789062, 210.49171447753906, 210.0576934814453, 209.59664916992188, 209.14291381835938, 208.85989379882812, 208.5707244873047, 208.39321899414062, 208.1799774169922, 207.9704132080078, 207.79605102539062, 207.66331481933594, 207.54234313964844, 207.4132843017578, 207.17861938476562, 207.197021484375, 207.06118774414062, 206.931396484375, 206.82484436035156, 206.76531982421875, 206.57737731933594, 206.67391967773438, 206.48362731933594, 206.6129913330078, 206.50921630859375, 206.40692138671875, 206.41921997070312, 206.35667419433594, 206.33248901367188, 206.41921997070312, 206.5, 206.47621154785156, 206.4681396484375, 206.27005004882812, 206.28439331054688, 206.3063201904297, 206.24240112304688, 206.2378387451172, 206.2263641357422, 206.23330688476562, 206.39149475097656, 206.18475341796875, 206.1056365966797, 206.178466796875, 206.13800048828125, 206.1057586669922, 206.14573669433594, 206.07781982421875, 206.13926696777344, 206.14271545410156, 206.1370849609375, 206.17437744140625, 206.208251953125, 206.3134765625, 206.25196838378906, 206.31581115722656, 206.3061981201172, 206.23533630371094, 206.23760986328125, 206.3447265625, 206.25759887695312, 206.33714294433594, 206.4175567626953, 206.2789306640625, 206.3028564453125, 206.2596893310547, 206.14312744140625, 206.2084503173828, 206.20216369628906, 206.15969848632812, 206.26004028320312, 206.31549072265625, 206.17477416992188, 206.2237548828125, 206.22010803222656, 206.30184936523438, 206.18679809570312, 206.2764434814453, 206.29957580566406, 206.2648468017578, 206.25457763671875, 206.2230224609375, 206.17538452148438, 206.2133331298828, 206.1359100341797, 206.07232666015625]"
